{"station_join":[{"station_cd1":2200901,"station_cd2":2200902,"station_name1":"東村山","station_name2":"西武園","lat1":35.76006,"lon1":139.465839,"lat2":35.767684,"lon2":139.448904}]}
