{"station_join":[{"station_cd1":3101201,"station_cd2":3101202,"station_name1":"道明寺","station_name2":"柏原南口","lat1":34.56834,"lon1":135.620399,"lat2":34.58153,"lon2":135.624956},{"station_cd1":3101202,"station_cd2":3101203,"station_name1":"柏原南口","station_name2":"柏原","lat1":34.58153,"lon1":135.624956,"lat2":34.586668,"lon2":135.623308}]}
