{"station_join":[{"station_cd1":9963101,"station_cd2":9963102,"station_name1":"新開地","station_name2":"湊川","lat1":34.675981,"lon1":135.169291,"lat2":34.679153,"lon2":135.166426}]}
