{"station_join":[{"station_cd1":2900301,"station_cd2":2900302,"station_name1":"羽沢横浜国大","station_name2":"西谷","lat1":35.481389,"lon1":139.586389,"lat2":35.478092,"lon2":139.565721}]}
