{"station_join":[{"station_cd1":3101401,"station_cd2":3101402,"station_name1":"あすなろう四日市","station_name2":"赤堀","lat1":34.966495,"lon1":136.618352,"lat2":34.95919,"lon2":136.6104},{"station_cd1":3101402,"station_cd2":3101403,"station_name1":"赤堀","station_name2":"日永","lat1":34.95919,"lon1":136.6104,"lat2":34.95594,"lon2":136.604409},{"station_cd1":3101403,"station_cd2":3101404,"station_name1":"日永","station_name2":"西日野","lat1":34.95594,"lon1":136.604409,"lat2":34.952896,"lon2":136.591163}]}
