{"station_join":[{"station_cd1":9921701,"station_cd2":9921702,"station_name1":"名取","station_name2":"杜せきのした","lat1":38.173129,"lon1":140.882771,"lat2":38.165482,"lon2":140.895738},{"station_cd1":9921702,"station_cd2":9921703,"station_name1":"杜せきのした","station_name2":"美田園","lat1":38.165482,"lon1":140.895738,"lat2":38.15965,"lon2":140.917404},{"station_cd1":9921703,"station_cd2":9921704,"station_name1":"美田園","station_name2":"仙台空港","lat1":38.15965,"lon1":140.917404,"lat2":38.138122,"lon2":140.930029}]}
