{"line_cd":1004,"line_name":"東北新幹線","line_lon":140.76319219429,"line_lat":38.274266939284,"line_zoom":7,"station_l":[]}
